"JLCPCB BOM Tool - BOM Matching","","","","","","","","","","","","","","","","","","","","",""
"BOM name：bom-JLCPCB Assembly Order.xlsx","","","","Download Time：2026-05-17 00:22:18","","","","* Our matching results are updated in real-time, but stock and prices may change. 
If it's been over 24 hours, please re-match before placing your order.","","","","","","","","","","","","",""
"PCB Assembled Qty：2","","","","Est. Total Price：30.4661
(Pre-order parts require a quotation for final pricing.)","","","","","","","","","","","","","","","","",""
"Your BOM","","","","Matched Parts","","","","","","","Order Information","","","","","","","","","",""
"Designator","Comment","Footprint","JLCPCB Part #","Matches","Part # ","Manufacturer","Footprint","Description","Category","Warning","JLCPCB Part #","Product link","Source","Lib Type","MOQ","Availability","My Parts(JLCPCB Parts)","My Parts(Global sourcing & consigned parts)","Rec. Order Qty","Unit Price ($)","Total Price ($)"
"U3","DW01A","SOT-23-6","","Select by System","DW01A","PUOLOP","SOT-23-6","-40℃~+85℃ 1 2.5V 300mV~10V 3uA 4.3V Protection IC Support SOT-23-6L Battery Management ROHS","Battery Management","","C351410","https://jlcpcb.com/partdetail/PUOLOP-DW01A/C351410","In-stock","Extended","1","62748","0","0","6","0.0425","0.255"
"J1","USB_C_Receptacle_USB2.0_16P","USB_C_Receptacle_G-Switch_GT-USB-7010ASV","","Select by System","TYPE-C 16PIN 2MD(073)","SHOU HAN","USB_C_Receptacle_G-Switch_GT-USB-7010ASV","-25℃~+85℃ 1 16P 3A 5,000 times 5V Black Female Surface Mount, Right Angle Type-C SMD USB Connectors ROHS","USB Connectors","","C2765186","https://jlcpcb.com/partdetail/SHOUHAN-TYPE_C_16PIN_2MD_073/C2765186","In-stock","Extended","1","651728","0","0","3","0.0672","0.2016"
"R1,R10,R18,R4,R6,R8","1k","0603","","Unconfirmed","0603WAF1001T5E","UNI-ROYAL(Uniroyal Elec)","0603","-55℃~+155℃ 100mW 1kΩ 75V Thick Film Resistor ±1% ±100ppm/℃ 0603 Chip Resistor - Surface Mount ROHS","Chip Resistor - Surface Mount","1.The comment (0603WAF1001T5E) of this part does not match the one (1k) provided in your BOM. Please confirm;","C21190","https://jlcpcb.com/partdetail/21904-0603WAF1001T5E/C21190","In-stock","Basic","1","18287044","0","0","22","0.0016","0.0352"
"U1","TP4056-42-ESOP8","SOIC-8-1EP_3.9x4.9mm_P1.27mm_EP2.41x3.3mm_ThermalVias","","Select by System","TP4056-42-ESOP8","TOPPOWER(Nanjing Extension Microelectronics)","SOIC-8-1EP_3.9x4.9mm_P1.27mm_EP2.41x3.3mm_ThermalVias","-40℃~+85℃ 1 1A 2uA 4.2V 4V~8V Charging IC Lithium Battery Support ESOP-8 Battery Management ROHS","Battery Management","","C16581","https://jlcpcb.com/partdetail/17264-TP4056_42ESOP8/C16581","In-stock","Extended","1","113194","0","0","2","0.1852","0.3704"
"J2","Conn_01x04_Pin","PinSocket_1x04_P2.54mm_Vertical","","Unconfirmed","2.54-1*4P母","BOOMELE(Boom Precision Elec)","PinSocket_1x04_P2.54mm_Vertical","-40℃~+105℃ 1 1x4P 2.54mm 3A 4P Bronze Square Hole Through Hole Top 插件,P=2.54mm Female Headers ROHS","Female Headers","1.Multiple lines in the BOM have been matched to the same part. Please check if the matching is correct. ;","C2718488","https://jlcpcb.com/partdetail/2834502-2_54_1_4P/C2718488","In-stock","Extended","1","241065","0","0","4","0.0771","0.3084"
"L2","2u2","1008","","Select by System","CKCSA252010-2.2uH/M","CENKER","1008","1.5A 1.9A 155mΩ 2.2uH Magnetic Shielded Inductor ±20% 1008 Power Inductors ROHS","Power Inductors","","C354538","https://jlcpcb.com/partdetail/CENKER-CKCSA252010_2_2uHM/C354538","In-stock","Extended","1","1747","0","0","6","0.0603","0.3618"
"U7","CY8CMBR3102","JEITA_SOIC-8_3.9x4.9mm_P1.27mm","","Select by System","CY8CMBR3102-SX1IT","Infineon/Cypress Semicon","JEITA_SOIC-8_3.9x4.9mm_P1.27mm","-40℃~+85℃ 1.71V~5.5V 2 22uA Capacitive Touch SOIC-8 Touch Sensors ROHS","Touch Sensors","","C2759924","https://jlcpcb.com/partdetail/2879334-CY8CMBR3102SX1IT/C2759924","In-stock","Extended","1","212","0","0","2","2.0873","4.1746"
"U4","MT3420SP","SOIC-8_3.9x4.9mm_P1.27mm","","Select by System","MT3420SP","XI'AN Aerosemi Tech","SOIC-8_3.9x4.9mm_P1.27mm","-40℃~+85℃@(TA) 1 1.5MHz 2.3V~6V 2A 40uA 600mV~6V Adjustable Buck Buck Built-in Yes SOIC-8 DC-DC Converters ROHS","DC-DC Converters","","C88265","https://jlcpcb.com/partdetail/XI_AN_AerosemiTech-MT3420SP/C88265","In-stock","Extended","1","4","0","0","2","0.2041","0.4082"
"J3","Conn_02x04_Top_Bottom","PinHeader_2x04_P2.54mm_Vertical","","Select by System","A2541WV-2x4P","CJT(Changjiang Connectors)","PinHeader_2x04_P2.54mm_Vertical","-40℃~+105℃ 2 2.54mm 2.54mm 2.54mm 250V 2x4P 3A 3mm 6mm 8P Black Brass Gold Pin Header Through Hole 插件,P=2.54mm Pin Headers ROHS","Pin Headers","","C225519","https://jlcpcb.com/partdetail/225802-A2541WV2x4P/C225519","In-stock","Extended","1","695","0","0","2","0.1506","0.3012"
"BT1","~","BAT-SMD_BH-18650-B1BA007","","Select by System","BH-18650-B1BA007","MYOUNG","BAT-SMD_BH-18650-B1BA007","-25~85℃ Battery holder Gold plating Phosphor bronze - ROHS","Battery connector","","C6937126","https://jlcpcb.com/partdetail/MYOUNG-BH_18650B1BA007/C6937126","In-stock","Extended","1","585","0","0","2","1.7605","3.521"
"C10,C11,C12,C7,C8","22u","0603","","Unconfirmed","CL10A226MQ8NRNC","Samsung Electro-Mechanics","0603","22uF 6.3V X5R ±20% 0603 Multilayer Ceramic Capacitors MLCC - SMD/SMT ROHS","Multilayer Ceramic Capacitors MLCC - SMD/SMT","1.The comment (CL10A226MQ8NRNC) of this part does not match the one (22u) provided in your BOM. Please confirm;","C59461","https://jlcpcb.com/partdetail/60514-CL10A226MQ8NRNC/C59461","In-stock","Basic","1","14752133","0","0","20","0.01","0.2"
"Q1,Q2","FS8205","SOT95P280X145-6N","","Select by System","FS8205A","FUXINSEMI","SOT95P280X145-6N","-55℃~+150℃ 1.2V 1.5W 11nC@4.5V 125pF 18mΩ@4.5V 2 N-Channel 20V 6A 800pF SOT-23-6L MOSFETs ROHS","MOSFETs","","C908265","https://jlcpcb.com/partdetail/FUXINSEMI-FS8205A/C908265","In-stock","Extended","1","67248","0","0","8","0.0733","0.5864"
"U2,U9","USBLC6-2SC6","SOT-23-6","","Select by System","USBLC6-2SC6","STMicroelectronics","SOT-23-6","-40℃~+125℃ 150nA 17V 2 3.5pF 5.25V 5A 6V ESD IEC 61000-4-2 Unidirectional SOT-23-6L ESD and Surge Protection (TVS/ESD) ROHS","ESD and Surge Protection (TVS/ESD)","","C7519","https://jlcpcb.com/partdetail/STMicroelectronics-USBLC62SC6/C7519","In-stock","Extended","1","51697","0","0","6","0.1513","0.9078"
"U5","MAX17048G_T10","SON50P200X200X80-9N","","Select by System","MAX17048G+T10","Analog Devices Inc./Maxim Integrated","SON50P200X200X80-9N","-40℃~+85℃ 1 2.5V~4.5V 3uA I2C Lithium Battery Not supported Not supported DFN-8-EP(2x2) Battery Management ROHS","Battery Management","","C2682616","https://jlcpcb.com/partdetail/2777647-MAX17048GT10/C2682616","In-stock","Extended","1","9864","0","0","2","2.1642","4.3284"
"U8","ESP32-C3-WROOM-02","ESP32-C3-WROOM-02","","Select by System","ESP32-C3-WROOM-02-N4","Espressif Systems","ESP32-C3-WROOM-02","-105dBm -40℃~+85℃ 2.4GHz 20.5dBm 345mA 3V~3.6V 82mA Bluetooth5.0 ESP32-C3 Chip On-board PCB Antenna UART、SPI、I2C、I2S、JTAG、USB VFQFN-32-EP WiFi Modules ROHS","WiFi Modules","","C2934560","https://jlcpcb.com/partdetail/3281215-ESP32_C3_WROOM_02N4/C2934560","In-stock","Extended","1","17335","0","0","2","3.0884","6.1768"
"C1,C13,C15,C17,C18,C19,C2,C4,C5,C9","100n","0603","","Unconfirmed","CC0603KRX7R9BB104","YAGEO","0603","100nF 50V X7R ±10% 0603 Multilayer Ceramic Capacitors MLCC - SMD/SMT ROHS","Multilayer Ceramic Capacitors MLCC - SMD/SMT","1.The comment (CC0603KRX7R9BB104) of this part does not match the one (100n) provided in your BOM. Please confirm;","C14663","https://jlcpcb.com/partdetail/YAGEO-CC0603KRX7R9BB104/C14663","In-stock","Basic","1","40691003","0","0","30","0.003","0.09"
"R9","GL5528","PinSocket_1x02_P2.54mm_Vertical","","Select by System","2.54-1*2P母","BOOMELE(Boom Precision Elec)","PinSocket_1x02_P2.54mm_Vertical","-40℃~+105℃ 1 1x2P 2.54mm 2P 3.3mm 3A Brass Square Hole Through Hole Top 插件,P=2.54mm Female Headers ROHS","Female Headers","","C49661","https://jlcpcb.com/partdetail/50669-2_54_1_2P/C49661","In-stock","Extended","1","55722","0","0","6","0.0606","0.3636"
"SW1,SW2","SW_Push","SW_Push_1P1T_XKB_TS-1187A","","Select by System","GT-TC084A-H015-L5","G-Switch","SW_Push_1P1T_XKB_TS-1187A","-30℃~+85℃ 1.5mm 1.6N 12V 5.2mm 5.2mm 500,000 Cycles 50mA Gold No Round Button SMD(SMT) Tab SPST Surface Mount,Vertical Without Bracket SMD-4P,5.2x5.2mm Tactile Switches ROHS","Tactile Switches","","C778172","https://jlcpcb.com/partdetail/GSwitch-GT_TC084A_H015L5/C778172","In-stock","Extended","1","8729","0","0","5","0.063","0.315"
"U6","DHT11","PinSocket_1x03_P2.54mm_Horizontal","","Select by System","HX PM2.54-1x3P WC-Y","hanxia","PinSocket_1x03_P2.54mm_Horizontal","-40℃~+105℃ 1 1x3P 2.54mm 3.2mm 3A 3P Gold Phosphor bronze Right Angle Side Square Hole Push-Pull,P=2.54mm Female Headers ROHS","Female Headers","","C22438144","https://jlcpcb.com/partdetail/hanxia-HX_PM2_54_1x3P_WCY/C22438144","In-stock","Extended","1","378","0","0","2","0.1039","0.2078"
"R19,R2,R3","5.1k","0603","","Unconfirmed","0603WAF5101T5E","UNI-ROYAL(Uniroyal Elec)","0603","-55℃~+155℃ 100mW 5.1kΩ 75V Thick Film Resistor ±1% ±100ppm/℃ 0603 Chip Resistor - Surface Mount ROHS","Chip Resistor - Surface Mount","1.The comment (0603WAF5101T5E) of this part does not match the one (5.1k) provided in your BOM. Please confirm;","C23186","https://jlcpcb.com/partdetail/23913-0603WAF5101T5E/C23186","In-stock","Basic","1","9327067","0","0","20","0.0016","0.032"
"DS1","OLED_128X64_1.3_I2C","LCD_OLED_128X64_1.3_I2C","","Unconfirmed","2.54-1*4P母","BOOMELE(Boom Precision Elec)","LCD_OLED_128X64_1.3_I2C","-40℃~+105℃ 1 1x4P 2.54mm 3A 4P Bronze Square Hole Through Hole Top 插件,P=2.54mm Female Headers ROHS","Female Headers","1.Multiple lines in the BOM have been matched to the same part. Please check if the matching is correct. ;","C2718488","https://jlcpcb.com/partdetail/2834502-2_54_1_4P/C2718488","In-stock","Extended","1","241065","0","0","4","0.0771","0.3084"
"D1,D4","LED BLUE","0603","","Select by System","KT-0603B","Hubei KENTO Elec","0603","100mW 120° 175mcd 3.1V 460nm~475nm 469nm 5mA Blue Discrete Diode Water Clear 0603 LED Indication - Discrete ROHS","LED Indication - Discrete","","C2288","https://jlcpcb.com/partdetail/Hubei_KENTOElec-KT0603B/C2288","In-stock","Extended","1","116396","0","0","20","0.0101","0.202"
"D5","LED YELLOW","0603","","Select by System","KT-0603O","Hubei KENTO Elec","0603","-40℃~+85℃ 1.6mm x 0.8mm square LED 1.8V~2.4V 120° 175mcd 20mA 40mW 598nm~608nm 612nm Discrete Diode Orange Water Clear 0603 LED Indication - Discrete ROHS","LED Indication - Discrete","","C111340","https://jlcpcb.com/partdetail/Hubei_KENTOElec-KT0603O/C111340","In-stock","Extended","1","7234","0","0","20","0.0115","0.23"
"R13","59k","0603","","Select by System","RCT0359KFLF","HKR(Hong Kong Resistors)","0603","-55℃~+155℃ 100mW 59kΩ 75V Thick Film Resistor ±1% ±100ppm/℃ 0603 Chip Resistor - Surface Mount ROHS","Chip Resistor - Surface Mount","","C177513","https://jlcpcb.com/partdetail/HKR_Hong_Kong_Resistors-RCT0359KFLF/C177513","In-stock","Extended","1","20832","0","0","20","0.0013","0.026"
"R16","2.2k","0603","","Unconfirmed","0603WAF2201T5E","UNI-ROYAL(Uniroyal Elec)","0603","-55℃~+155℃ 100mW 2.2kΩ 75V Thick Film Resistor ±1% ±100ppm/℃ 0603 Chip Resistor - Surface Mount ROHS","Chip Resistor - Surface Mount","1.The comment (0603WAF2201T5E) of this part does not match the one (2.2k) provided in your BOM. Please confirm;","C4190","https://jlcpcb.com/partdetail/4597-0603WAF2201T5E/C4190","In-stock","Basic","1","4090475","0","0","20","0.0015","0.03"
"D2","LED RED","0603","","Select by System","KT-0603R","Hubei KENTO Elec","0603","-40℃~+85℃ 1.8V~2.4V 120° 20mA 300mcd 40mW 615nm~630nm 645nm Discrete Diode Red Water Clear 0603 LED Indication - Discrete ROHS","LED Indication - Discrete","","C2286","https://jlcpcb.com/partdetail/Hubei_KENTOElec-KT0603R/C2286","In-stock","Basic","1","6630232","0","0","20","0.0066","0.132"
"R5","1.2k","0603","","Unconfirmed","0603WAF1201T5E","UNI-ROYAL(Uniroyal Elec)","0603","-55℃~+155℃ 1.2kΩ 100mW 75V Thick Film Resistor ±1% ±100ppm/℃ 0603 Chip Resistor - Surface Mount ROHS","Chip Resistor - Surface Mount","1.The comment (0603WAF1201T5E) of this part does not match the one (1.2k) provided in your BOM. Please confirm;","C22765","https://jlcpcb.com/partdetail/23492-0603WAF1201T5E/C22765","In-stock","Basic","1","1429841","0","0","20","0.0014","0.028"
"C16,L1","2n2","0603","","Unconfirmed","0603B222K500NT","FH (Guangdong Fenghua Advanced Tech)","0603","2.2nF 50V X7R ±10% 0603 Multilayer Ceramic Capacitors MLCC - SMD/SMT ROHS","Multilayer Ceramic Capacitors MLCC - SMD/SMT","1.The comment (0603B222K500NT) of this part does not match the one (2n2) provided in your BOM. Please confirm;
2.There may be multiple types of parts, but one type of part has been matched. Please check.;","C1604","https://jlcpcb.com/partdetail/1956-0603B222K500NT/C1604","In-stock","Basic","1","700837","0","0","20","0.003","0.06"
"R7","100","0603","","Select by System","0603WAF1000T5E","UNI-ROYAL(Uniroyal Elec)","0603","-55℃~+155℃ 100mW 100Ω 75V Thick Film Resistor ±1% ±100ppm/℃ 0603 Chip Resistor - Surface Mount ROHS","Chip Resistor - Surface Mount","","C22775","https://jlcpcb.com/partdetail/23502-0603WAF1000T5E/C22775","In-stock","Basic","1","5698953","0","0","20","0.0019","0.038"
"R20,R21","4.7k","0603","","Unconfirmed","0603WAF4701T5E","UNI-ROYAL(Uniroyal Elec)","0603","-55℃~+155℃ 100mW 4.7kΩ 75V Thick Film Resistor ±1% ±100ppm/℃ 0603 Chip Resistor - Surface Mount ROHS","Chip Resistor - Surface Mount","1.The comment (0603WAF4701T5E) of this part does not match the one (4.7k) provided in your BOM. Please confirm;","C23162","https://jlcpcb.com/partdetail/23889-0603WAF4701T5E/C23162","In-stock","Basic","1","12074984","0","0","20","0.0013","0.026"
"R14","560","0603","","Select by System","0603WAF5600T5E","UNI-ROYAL(Uniroyal Elec)","0603","-55℃~+155℃ 100mW 560Ω 75V Thick Film Resistor ±1% ±100ppm/℃ 0603 Chip Resistor - Surface Mount ROHS","Chip Resistor - Surface Mount","","C23204","https://jlcpcb.com/partdetail/23931-0603WAF5600T5E/C23204","In-stock","Basic","1","1450623","0","0","20","0.0014","0.028"
"C14","1u","0603","","Unconfirmed","CL10A105KB8NNNC","Samsung Electro-Mechanics","0603","1uF 50V X5R ±10% 0603 Multilayer Ceramic Capacitors MLCC - SMD/SMT ROHS","Multilayer Ceramic Capacitors MLCC - SMD/SMT","1.The comment (CL10A105KB8NNNC) of this part does not match the one (1u) provided in your BOM. Please confirm;","C15849","https://jlcpcb.com/partdetail/16531-CL10A105KB8NNNC/C15849","In-stock","Basic","1","8553357","0","0","20","0.0076","0.152"
"IC1","LM66200DRLR","SOT8","","Select by System","LM66200DRLR","Texas Instruments","SOT8","-40℃~+125℃ 1.32uA 1.6V~5.5V 2 74mΩ Reverse current blocking、Over temperature protection、With enable SOT-583 ORing Controllers ROHS","ORing Controllers","","C3235556","https://jlcpcb.com/partdetail/TexasInstruments-LM66200DRLR/C3235556","In-stock","Extended","1","9100","0","0","5","0.3973","1.9865"
"R15,R17","47","0603","","Select by System","0603WAF470JT5E","UNI-ROYAL(Uniroyal Elec)","0603","-55℃~+155℃ 100mW 47Ω 75V Thick Film Resistor ±1% ±100ppm/℃ 0603 Chip Resistor - Surface Mount ROHS","Chip Resistor - Surface Mount","","C23182","https://jlcpcb.com/partdetail/23909-0603WAF470JT5E/C23182","In-stock","Basic","1","3199651","0","0","20","0.0014","0.028"
"C6","22p","0603","","Unconfirmed","CL10C220JB8NNNC","Samsung Electro-Mechanics","0603","22pF 50V C0G ±5% 0603 Multilayer Ceramic Capacitors MLCC - SMD/SMT ROHS","Multilayer Ceramic Capacitors MLCC - SMD/SMT","1.The comment (CL10C220JB8NNNC) of this part does not match the one (22p) provided in your BOM. Please confirm;","C1653","https://jlcpcb.com/partdetail/2005-CL10C220JB8NNNC/C1653","In-stock","Basic","1","2920758","0","0","20","0.0039","0.078"
"R12","267k","0603","","Unconfirmed","FRC0603F2673TS","FOJAN","0603","-55℃~+155℃ 100mW 267kΩ 75V Thick Film Resistor ±1% ±100ppm/℃ 0603 Chip Resistor - Surface Mount ROHS","Chip Resistor - Surface Mount","1.The comment (FRC0603F2673TS) of this part does not match the one (267k) provided in your BOM. Please confirm;","C2998118","https://jlcpcb.com/partdetail/FOJAN-FRC0603F2673TS/C2998118","In-stock","Extended","1","50522","0","0","20","0.0012","0.024"
"D3","LED GREEN","0603","","Select by System","KT-0603G","Hubei KENTO Elec","0603","-40℃~+85℃ 100mW 120° 3.1V 430mcd 513nm~528nm 525nm 5mA Discrete Diode Emerald Green Water Clear 0603 LED Indication - Discrete ROHS","LED Indication - Discrete","","C12624","https://jlcpcb.com/partdetail/Hubei_KENTOElec-KT0603G/C12624","In-stock","Extended","1","192888","0","0","20","0.012","0.24"
"C3","10u","0603","","Unconfirmed","CL10A106KP8NNNC","Samsung Electro-Mechanics","0603","10V 10uF X5R ±10% 0603 Multilayer Ceramic Capacitors MLCC - SMD/SMT ROHS","Multilayer Ceramic Capacitors MLCC - SMD/SMT","1.The comment (CL10A106KP8NNNC) of this part does not match the one (10u) provided in your BOM. Please confirm;","C19702","https://jlcpcb.com/partdetail/20411-CL10A106KP8NNNC/C19702","In-stock","Basic","1","4856075","0","0","20","0.0102","0.204"
"R11","10k","0603","","Unconfirmed","0603WAF1002T5E","UNI-ROYAL(Uniroyal Elec)","0603","-55℃~+155℃ 100mW 10kΩ 75V Thick Film Resistor ±1% ±100ppm/℃ 0603 Chip Resistor - Surface Mount ROHS","Chip Resistor - Surface Mount","1.The comment (0603WAF1002T5E) of this part does not match the one (10k) provided in your BOM. Please confirm;","C25804","https://jlcpcb.com/partdetail/26547-0603WAF1002T5E/C25804","Pre-order","Basic","5000","11257570","0","0","5000","0.0007","3.5"
